{
 "allow_comments": 0,
 "allow_delete": 0,
 "allow_edit": 0,
 "allow_incomplete": 0,
 "allow_multiple": 0,
 "allow_print": 0,
 "anonymous": 0,
 "apply_document_permissions": 0,
 "button_label": "Confirm",
 "client_script": "",
 "condition_json": "[]",
 "creation": "2024-09-28 14:33:09.138830",
 "custom_css": "button{\n    background-color : blue;\n}\n/*.right-area{*/\n/*     background-color : pink;*/\n/*}*/\n/*.discard-btn btn btn-default btn-sm{*/\n/*    color : pink;*/\n/*    padding : 20px;*/\n/*}*/\n\n.web-form-actions.right-area.submit-btn btn btn-primary btn-sm ml-2{\n    background-color : pink;\n    color : red;\n}\n\n.btn-sm{\n    background-color : pink;\n    color : red;\n}\n",
 "doc_type": "Airplane Ticket",
 "docstatus": 0,
 "doctype": "Web Form",
 "idx": 0,
 "introduction_text": "<div class=\"ql-editor read-mode\"><p>Fly with us !</p></div>",
 "is_standard": 1,
 "list_columns": [],
 "login_required": 0,
 "max_attachment_size": 0,
 "modified": "2024-09-28 22:09:04.129316",
 "modified_by": "Administrator",
 "module": "Airplane Mode",
 "name": "flight-booking-web-form",
 "owner": "Administrator",
 "published": 1,
 "route": "flight-booking-web-form",
 "show_attachments": 0,
 "show_list": 0,
 "show_sidebar": 0,
 "success_message": "You will receive the details in your email soon",
 "success_title": "Ticket Booked ",
 "title": "Flight Booking Web Form",
 "web_form_fields": [
  {
   "allow_read_on_all_link_options": 0,
   "fieldname": "passenger",
   "fieldtype": "Link",
   "hidden": 0,
   "label": "Passenger",
   "max_length": 0,
   "max_value": 0,
   "options": "Flight Passenger",
   "precision": "",
   "read_only": 0,
   "reqd": 1,
   "show_in_filter": 0
  },
  {
   "allow_read_on_all_link_options": 0,
   "fieldname": "flight",
   "fieldtype": "Link",
   "hidden": 0,
   "label": "Flight",
   "max_length": 0,
   "max_value": 0,
   "options": "Airplane Flight",
   "precision": "",
   "read_only": 0,
   "reqd": 1,
   "show_in_filter": 0
  },
  {
   "allow_read_on_all_link_options": 0,
   "fieldname": "flight_price",
   "fieldtype": "Currency",
   "hidden": 0,
   "label": "Flight Price",
   "max_length": 0,
   "max_value": 0,
   "precision": "",
   "read_only": 1,
   "reqd": 1,
   "show_in_filter": 0
  }
 ]
}