{
 "allow_comments": 0,
 "allow_delete": 0,
 "allow_edit": 0,
 "allow_incomplete": 0,
 "allow_multiple": 0,
 "allow_print": 0,
 "anonymous": 0,
 "apply_document_permissions": 0,
 "button_label": "Save",
 "condition_json": "[]",
 "creation": "2024-09-28 08:41:06.512121",
 "doc_type": "Airplane Flight",
 "docstatus": 0,
 "doctype": "Web Form",
 "idx": 0,
 "is_standard": 1,
 "list_columns": [],
 "login_required": 0,
 "max_attachment_size": 0,
 "modified": "2024-09-28 17:16:12.525258",
 "modified_by": "Administrator",
 "module": "Airplane Mode",
 "name": "book-flight",
 "owner": "Administrator",
 "published": 1,
 "route": "book-flight",
 "show_attachments": 0,
 "show_list": 0,
 "show_sidebar": 0,
 "title": "book-flight",
 "web_form_fields": [
  {
   "allow_read_on_all_link_options": 0,
   "fieldname": "airplane",
   "fieldtype": "Link",
   "hidden": 0,
   "label": "Airplane ",
   "max_length": 0,
   "max_value": 0,
   "options": "Airplane",
   "precision": "",
   "read_only": 0,
   "reqd": 1,
   "show_in_filter": 0
  },
  {
   "allow_read_on_all_link_options": 0,
   "fieldname": "source_airport",
   "fieldtype": "Link",
   "hidden": 0,
   "label": "Source Airport ",
   "max_length": 0,
   "max_value": 0,
   "options": "Airport",
   "precision": "",
   "read_only": 0,
   "reqd": 1,
   "show_in_filter": 0
  },
  {
   "allow_read_on_all_link_options": 0,
   "fieldname": "destination_airport",
   "fieldtype": "Link",
   "hidden": 0,
   "label": "Destination Airport",
   "max_length": 0,
   "max_value": 0,
   "options": "Airport",
   "precision": "",
   "read_only": 0,
   "reqd": 1,
   "show_in_filter": 0
  },
  {
   "allow_read_on_all_link_options": 0,
   "fieldname": "source_airport_code",
   "fieldtype": "Data",
   "hidden": 0,
   "label": "Source Airport Code",
   "max_length": 0,
   "max_value": 0,
   "precision": "",
   "read_only": 0,
   "reqd": 0,
   "show_in_filter": 0
  },
  {
   "allow_read_on_all_link_options": 0,
   "fieldname": "destination_airport_code",
   "fieldtype": "Data",
   "hidden": 0,
   "label": "Destination Airport Code",
   "max_length": 0,
   "max_value": 0,
   "precision": "",
   "read_only": 0,
   "reqd": 0,
   "show_in_filter": 0
  },
  {
   "allow_read_on_all_link_options": 0,
   "fieldname": "column_break_hgkv",
   "fieldtype": "Column Break",
   "hidden": 0,
   "max_length": 0,
   "max_value": 0,
   "precision": "",
   "read_only": 0,
   "reqd": 0,
   "show_in_filter": 0
  },
  {
   "allow_read_on_all_link_options": 0,
   "fieldname": "departure_date",
   "fieldtype": "Date",
   "hidden": 0,
   "label": "Date of Departure",
   "max_length": 0,
   "max_value": 0,
   "precision": "",
   "read_only": 0,
   "reqd": 1,
   "show_in_filter": 0
  },
  {
   "allow_read_on_all_link_options": 0,
   "fieldname": "departure_time",
   "fieldtype": "Time",
   "hidden": 0,
   "label": "Time of Departure",
   "max_length": 0,
   "max_value": 0,
   "precision": "",
   "read_only": 0,
   "reqd": 1,
   "show_in_filter": 0
  },
  {
   "allow_read_on_all_link_options": 0,
   "fieldname": "duration_of_flight",
   "fieldtype": "Duration",
   "hidden": 0,
   "label": "Duration",
   "max_length": 0,
   "max_value": 0,
   "precision": "",
   "read_only": 0,
   "reqd": 0,
   "show_in_filter": 0
  },
  {
   "allow_read_on_all_link_options": 0,
   "default": "Scheduled",
   "fieldname": "status",
   "fieldtype": "Select",
   "hidden": 0,
   "label": "Status",
   "max_length": 0,
   "max_value": 0,
   "options": "Scheduled\nCompleted\nCancelled",
   "precision": "",
   "read_only": 0,
   "reqd": 0,
   "show_in_filter": 0
  },
  {
   "allow_read_on_all_link_options": 0,
   "fieldname": "amended_from",
   "fieldtype": "Link",
   "hidden": 0,
   "label": "Amended From",
   "max_length": 0,
   "max_value": 0,
   "options": "Airplane Flight",
   "precision": "",
   "read_only": 1,
   "reqd": 0,
   "show_in_filter": 0
  },
  {
   "allow_read_on_all_link_options": 0,
   "default": "0",
   "fieldname": "is_published",
   "fieldtype": "Check",
   "hidden": 0,
   "label": "Is Published?",
   "max_length": 0,
   "max_value": 0,
   "precision": "",
   "read_only": 0,
   "reqd": 0,
   "show_in_filter": 0
  },
  {
   "allow_read_on_all_link_options": 0,
   "fieldname": "route",
   "fieldtype": "Data",
   "hidden": 0,
   "label": "Route",
   "max_length": 0,
   "max_value": 0,
   "precision": "",
   "read_only": 0,
   "reqd": 0,
   "show_in_filter": 0
  }
 ]
}