{
 "attached_to_doctype": "Print Format",
 "attached_to_field": "print_designer_preview_img",
 "attached_to_name": "Receipt",
 "content_hash": "62c6ab66bdbee33e6fe9f39e5c23ba46",
 "creation": "2024-12-05 06:43:37.515968",
 "docstatus": 0,
 "doctype": "File",
 "file_name": "print_designer-receipt-preview.jpg",
 "file_size": 46144,
 "file_type": "JPG",
 "file_url": "/private/files/print_designer-receipt-preview23ba46.jpg",
 "folder": "Home",
 "idx": 0,
 "is_attachments_folder": 0,
 "is_folder": 0,
 "is_home_folder": 0,
 "is_private": 1,
 "modified": "2024-12-05 06:43:37.515968",
 "modified_by": "Administrator",
 "name": "5258d4e7c9",
 "owner": "Administrator",
 "uploaded_to_dropbox": 0,
 "uploaded_to_google_drive": 0
}