{
 "__onload": {
  "print_templates": []
 },
 "__unsaved": 1,
 "absolute_value": 0,
 "align_labels_right": 0,
 "creation": "2024-11-28 07:11:15.160360",
 "css": ":root { --scale-factor: 1.100000023841858px; --modal-x: 0px; --modal-y: 0px; } .staticText { display: inline-block; font-family: Inter; font-size: 14px; font-weight: 400; color: rgb(0, 0, 0); text-align: left; font-style: normal; text-decoration: none; text-transform: none; line-height: 1.25; letter-spacing: 0px; border: 0px solid rgb(0, 0, 0); border-radius: 0px; padding: 0px; margin: 0px; min-width: 0px; min-height: 0px; box-shadow: none; overflow: hidden; overflow-wrap: break-word; white-space: normal; user-select: none; opacity: 1; z-index: 1; } .dynamicText { display: inline-block; font-family: Inter; font-size: 14px; font-weight: 400; color: rgb(0, 0, 0); text-align: left; font-style: normal; text-decoration: none; text-transform: none; line-height: 1.25; letter-spacing: 0px; border: 0px solid rgb(0, 0, 0); border-radius: 0px; padding: 0px; margin: 0px; min-width: 0px; min-height: 0px; box-shadow: none; overflow: hidden; overflow-wrap: break-word; white-space: normal; user-select: none; opacity: 1; } .dynamicText .label-text { font-family: Inter; font-size: 14px; font-weight: 600; color: rgb(0, 0, 0); text-align: left; font-style: normal; text-decoration: none; text-transform: none; line-height: 1.25; letter-spacing: 0px; border: 0px solid rgb(0, 0, 0); border-radius: 0px; padding: 0px; margin: 0px; min-width: 0px; min-height: 0px; box-shadow: none; white-space: normal; user-select: none; opacity: 1; z-index: 1; } .rectangle { padding: 0px; margin: 0px; white-space: normal; user-select: none; min-width: 0px; min-height: 0px; color: rgb(0, 0, 0); border: 1px solid rgb(0, 0, 0); box-sizing: border-box; outline: none; border-radius: 0px; box-shadow: none; opacity: 1; z-index: 0; } .image { display: block; border: 0px solid rgb(0, 0, 0); border-radius: 0px; padding: 0px; margin: 0px; min-width: 0px; min-height: 0px; box-shadow: none; white-space: normal; user-select: none; object-fit: scale-down; object-position: center center; background-size: contain; background-position: center center; background-repeat: no-repeat; opacity: 1; } .barcode { display: block; border: 0px solid rgb(0, 0, 0); border-radius: 0px; padding: 0px; margin: 0px; min-width: 0px; min-height: 0px; box-shadow: none; white-space: normal; user-select: none; opacity: 1; } .printTable td { font-family: Inter; font-size: 10px; font-weight: 400; color: rgb(0, 0, 0); text-align: left; font-style: normal; text-decoration: none; text-transform: none; line-height: 1.25; letter-spacing: 0px; border: 1px solid rgb(0, 0, 0); border-radius: 0px; background-color: rgb(255, 255, 255); padding: 10px; margin: 0px; min-width: 0px; min-height: 0px; box-shadow: none; overflow-wrap: break-word; white-space: normal; user-select: none; vertical-align: baseline; opacity: 1; } .printTable .label-text { font-family: Inter; font-size: 10px; font-weight: 600; color: rgb(0, 0, 0); text-align: left; font-style: normal; text-decoration: none; text-transform: none; line-height: 1.25; letter-spacing: 0px; border: 0px solid rgb(0, 0, 0); border-radius: 0px; background-color: rgb(255, 255, 255); padding: 0px; margin: 0px; min-width: 0px; min-height: 0px; box-shadow: none; white-space: normal; user-select: none; opacity: 1; vertical-align: baseline; z-index: 1; } .printTable th { font-family: Inter; font-size: 11px; font-weight: 600; color: rgb(0, 0, 0); text-align: left; font-style: normal; text-decoration: none; text-transform: none; line-height: 1.25; letter-spacing: 0px; border: 1px solid rgb(0, 0, 0); border-radius: 0px; background-color: rgb(255, 255, 255); padding: 10px; margin: 0px; min-width: 0px; min-height: 0px; box-shadow: none; white-space: normal; user-select: none; opacity: 1; z-index: 1; } .printTable tr:nth-child(2n) td { } :root, ::after, ::before { --print-width: 210.000mm; --print-height: 297.000mm; --print-container-width: 210.000mm; --print-container-height: 297.000mm; --print-margin-top: 0mm; --print-margin-bottom: 0.000mm; --print-margin-left: 0mm; --print-margin-right: 0.000mm; } :root, ::after, ::before { --print-width: 210.000mm; --print-height: 297.000mm; --print-container-width: 210.000mm; --print-container-height: 297.000mm; --print-margin-top: 0mm; --print-margin-bottom: 0.000mm; --print-margin-left: 0mm; --print-margin-right: 0.000mm; } :root, ::after, ::before { --print-width: 210.000mm; --print-height: 297.000mm; --print-container-width: 210.000mm; --print-container-height: 297.000mm; --print-margin-top: 0mm; --print-margin-bottom: 0.000mm; --print-margin-left: 0mm; --print-margin-right: 0.000mm; }@page { size: 210mm 297mm; margin: 0mm; } @page { size: 210mm 297mm; margin: 0mm; } @page { size: 210mm 297mm; margin: 0mm; }",
 "custom_format": 1,
 "disabled": 0,
 "doc_type": "Rent Payment",
 "docstatus": 0,
 "doctype": "Print Format",
 "font_size": 14,
 "html": "<div style=\"text-align: center;\">\n  <h2>Rent Receipt</h2>\n</div>\n\n<hr />\n\n<p><strong>Shop Name:</strong> {{ doc.shop }}</p>\n<p><strong>Tenant Name:</strong> {{ doc.tenant }}</p>\n<p><strong>Rent Amount:</strong> \u20b9{{ doc.rent_amount }}</p>\n<p><strong>Rent Month:</strong> {{ doc.rent_month }}</p>\n<p><strong>Payment Date:</strong> {{ doc.payment_date }}</p>\n<p><strong>Payment Mode:</strong> {{ doc.payment_mode }}</p>\n\n<hr />\n\n<div style=\"text-align: right;\">\n  <p>Authorized Signature: ____________________</p>\n</div>\n<p style=\"font-size: small; text-align: center;\">\n  This receipt is valid only after confirmation of payment.\n</p>\n",
 "idx": 0,
 "line_breaks": 0,
 "margin_bottom": 15.0,
 "margin_left": 15.0,
 "margin_right": 15.0,
 "margin_top": 15.0,
 "modified": "2024-12-06 01:03:58.190746",
 "modified_by": "Administrator",
 "module": "Shop Management",
 "name": "Receipt",
 "owner": "Administrator",
 "page_number": "Hide",
 "print_designer": 1,
 "print_designer_body": "[{\"type\":\"page\",\"index\":0,\"isDropZone\":false,\"childrens\":[{\"id\":\"opLJcDAswW\",\"type\":\"image\",\"isDraggable\":true,\"isResizable\":true,\"isDropZone\":false,\"isDynamic\":false,\"image\":{\"name\":\"0b1e405608\",\"file_name\":\"Screenshot from 2024-11-29 01-29-28.png\",\"file_url\":\"/private/files/Screenshot from 2024-11-29 01-29-28.png\",\"modified\":\"2024-11-29 01:30:22.861253\"},\"startX\":168.72723388671875,\"startY\":28.636337280273438,\"pageX\":251.72723388671875,\"pageY\":125.63633728027344,\"width\":151.181102364,\"height\":151.181102364,\"styleEditMode\":\"main\",\"style\":{},\"classes\":[],\"index\":0,\"isElementOverlapping\":false},{\"id\":\"cobeFDuMEl\",\"type\":\"image\",\"isDraggable\":true,\"isResizable\":true,\"isDropZone\":false,\"isDynamic\":false,\"image\":{\"name\":\"f722c8d2e5\",\"file_name\":\"Screenshot from 2024-11-29 00-11-31.png\",\"file_url\":\"/private/files/Screenshot from 2024-11-29 00-11-31.png\",\"modified\":\"2024-11-29 00:12:07.962604\"},\"startX\":364.72723388671875,\"startY\":92.63636779785156,\"pageX\":516.7272338867188,\"pageY\":190.63636779785156,\"width\":328.453807442125,\"height\":52.999263374742185,\"styleEditMode\":\"main\",\"style\":{},\"classes\":[],\"index\":1,\"isElementOverlapping\":false},{\"id\":\"hgcqIkqmeM\",\"type\":\"text\",\"content\":\"\",\"contenteditable\":true,\"isDynamic\":true,\"isFixedSize\":true,\"dynamicContent\":[{\"doctype\":\"\",\"parentField\":\"\",\"fieldname\":\"JZIfBjcUFc\",\"value\":\"Receipt Number&nbsp; &nbsp; &nbsp; &nbsp; &nbsp;&nbsp;\",\"fieldtype\":\"StaticText\",\"is_static\":true,\"is_labelled\":false,\"nextLine\":false,\"parseJinja\":false,\"style\":{\"fontWeight\":\"700\",\"backgroundColor\":\"\"},\"labelStyleEditing\":false,\"spanRef\":null},{\"doctype\":\"\",\"parentField\":\"\",\"fieldname\":\"receipt_number\",\"options\":null,\"fieldtype\":\"Date\",\"label\":\"Receipt Number  :\",\"suffix\":null,\"is_labelled\":false,\"is_static\":false,\"print_hide\":0,\"style\":{\"fontWeight\":\"700\",\"backgroundColor\":\"#fffcfc\"},\"labelStyle\":{},\"nextLine\":true,\"value\":\"\",\"labelStyleEditing\":false,\"spanRef\":null},{\"doctype\":\"\",\"parentField\":\"\",\"fieldname\":\"kGWsrUQytC\",\"value\":\"Date&nbsp; &nbsp; &nbsp; &nbsp; &nbsp; &nbsp; &nbsp; &nbsp; &nbsp; &nbsp; &nbsp; &nbsp; &nbsp; &nbsp; &nbsp; &nbsp; &nbsp;\",\"fieldtype\":\"StaticText\",\"is_static\":true,\"is_labelled\":false,\"nextLine\":false,\"parseJinja\":false,\"style\":{},\"labelStyleEditing\":false,\"spanRef\":null},{\"doctype\":\"\",\"parentField\":\"\",\"fieldname\":\"payment_date\",\"options\":null,\"fieldtype\":\"Date\",\"label\":\"Payment Date :\",\"suffix\":null,\"is_labelled\":false,\"is_static\":false,\"print_hide\":0,\"style\":{},\"labelStyle\":{},\"nextLine\":true,\"value\":\"\",\"labelStyleEditing\":false,\"spanRef\":null}],\"selectedDynamicText\":null,\"isDraggable\":true,\"isResizable\":true,\"isDropZone\":false,\"startX\":173.9090576171875,\"startY\":197.45457458496094,\"pageX\":260.9090576171875,\"pageY\":311.45457458496094,\"width\":527.4566303181016,\"height\":61.6448860168457,\"styleEditMode\":\"main\",\"labelDisplayStyle\":\"standard\",\"style\":{\"backgroundColor\":\"#fffcfc\",\"color\":\"#3d1212\",\"fontWeight\":\"700\",\"paddingTop\":\"10px\",\"paddingLeft\":\"10px\",\"paddingBottom\":\"10px\"},\"labelStyle\":{\"zIndex\":1},\"heightType\":\"auto\",\"classes\":[],\"index\":2,\"isElementOverlapping\":false},{\"id\":\"vplmgnZSJi\",\"type\":\"text\",\"content\":\"\",\"contenteditable\":true,\"isDynamic\":true,\"isFixedSize\":true,\"dynamicContent\":[],\"selectedDynamicText\":null,\"isDraggable\":true,\"isResizable\":true,\"isDropZone\":false,\"startX\":236,\"startY\":257,\"pageX\":323,\"pageY\":275,\"width\":2,\"height\":23.008522033691406,\"styleEditMode\":\"main\",\"labelDisplayStyle\":\"standard\",\"style\":{},\"labelStyle\":{},\"heightType\":\"auto\",\"classes\":[],\"index\":3,\"isElementOverlapping\":false},{\"id\":\"NWemoKKcys\",\"type\":\"text\",\"content\":\"\",\"contenteditable\":true,\"isDynamic\":true,\"isFixedSize\":true,\"dynamicContent\":[{\"doctype\":\"\",\"parentField\":\"\",\"fieldname\":\"SImkDZfusU\",\"value\":\"&nbsp; &nbsp; &nbsp; &nbsp; &nbsp; &nbsp; &nbsp; &nbsp; &nbsp; &nbsp; &nbsp; &nbsp; &nbsp; &nbsp; &nbsp; &nbsp; &nbsp; &nbsp; &nbsp; &nbsp; &nbsp; &nbsp; &nbsp; &nbsp; &nbsp; &nbsp; &nbsp; &nbsp; &nbsp; &nbsp; &nbsp;Tenant Information\",\"fieldtype\":\"StaticText\",\"is_static\":true,\"is_labelled\":false,\"nextLine\":false,\"parseJinja\":false,\"style\":{},\"labelStyleEditing\":false}],\"selectedDynamicText\":null,\"isDraggable\":true,\"isResizable\":true,\"isDropZone\":false,\"startX\":173.0113983154297,\"startY\":277.4545440673828,\"pageX\":332.90911865234375,\"pageY\":284.18182373046875,\"width\":527.4446174477266,\"height\":37.93465995788574,\"styleEditMode\":\"main\",\"labelDisplayStyle\":\"standard\",\"style\":{\"backgroundColor\":\"#c1e85d\",\"fontFamily\":\"Fira Sans\",\"fontWeight\":\"800\",\"fontSize\":\"14px\",\"fontStyle\":\"normal\",\"textAlign\":\"justify\",\"paddingTop\":\"10px\"},\"labelStyle\":{\"zIndex\":1},\"heightType\":\"auto\",\"classes\":[],\"index\":4,\"isElementOverlapping\":false},{\"id\":\"KLyeLHFaCx\",\"type\":\"text\",\"content\":\"\",\"contenteditable\":true,\"isDynamic\":true,\"isFixedSize\":false,\"dynamicContent\":[],\"selectedDynamicText\":null,\"isDraggable\":true,\"isResizable\":true,\"isDropZone\":false,\"startX\":418,\"startY\":306,\"pageX\":506,\"pageY\":290,\"width\":2,\"height\":23.008522033691406,\"styleEditMode\":\"main\",\"labelDisplayStyle\":\"standard\",\"style\":{},\"labelStyle\":{},\"heightType\":\"auto\",\"classes\":[],\"index\":5,\"isElementOverlapping\":false},{\"id\":\"pSBortKQrs\",\"type\":\"text\",\"content\":\"\",\"contenteditable\":true,\"isDynamic\":true,\"isFixedSize\":true,\"dynamicContent\":[{\"doctype\":\"\",\"parentField\":\"\",\"fieldname\":\"HSFsovOgoy\",\"value\":\"Tenant&nbsp; &nbsp; &nbsp; &nbsp; &nbsp; &nbsp; &nbsp; &nbsp; &nbsp; &nbsp; &nbsp; &nbsp; &nbsp; &nbsp;\",\"fieldtype\":\"StaticText\",\"is_static\":true,\"is_labelled\":false,\"nextLine\":false,\"parseJinja\":false,\"style\":{\"fontWeight\":\"700\"},\"labelStyleEditing\":false},{\"doctype\":\"tenant\",\"parentField\":\"tenant\",\"fieldname\":\"name1\",\"options\":null,\"fieldtype\":\"Data\",\"label\":\"Name :\",\"suffix\":null,\"is_labelled\":false,\"is_static\":false,\"print_hide\":0,\"style\":{},\"labelStyle\":{},\"nextLine\":true,\"value\":\"\"},{\"doctype\":\"\",\"parentField\":\"\",\"fieldname\":\"nIaTXVBOUO\",\"value\":\"Phone Number&nbsp; &nbsp; &nbsp; &nbsp; &nbsp;&nbsp;\",\"fieldtype\":\"StaticText\",\"is_static\":true,\"is_labelled\":false,\"nextLine\":false,\"parseJinja\":false,\"style\":{}},{\"doctype\":\"tenant\",\"parentField\":\"tenant\",\"fieldname\":\"phone_number\",\"options\":null,\"fieldtype\":\"Phone\",\"label\":\"Phone Number :\",\"suffix\":null,\"is_labelled\":false,\"is_static\":false,\"print_hide\":0,\"style\":{},\"labelStyle\":{},\"nextLine\":true,\"value\":\"\"},{\"doctype\":\"\",\"parentField\":\"\",\"fieldname\":\"XKSktyEqzS\",\"value\":\"Address&nbsp; &nbsp; &nbsp; &nbsp; &nbsp; &nbsp; &nbsp; &nbsp; &nbsp; &nbsp; &nbsp; &nbsp;&nbsp;\",\"fieldtype\":\"StaticText\",\"is_static\":true,\"is_labelled\":false,\"nextLine\":false,\"parseJinja\":false,\"style\":{},\"labelStyleEditing\":false},{\"doctype\":\"tenant\",\"parentField\":\"tenant\",\"fieldname\":\"address\",\"options\":null,\"fieldtype\":\"Small Text\",\"label\":\"Address :\",\"suffix\":null,\"is_labelled\":false,\"is_static\":false,\"print_hide\":0,\"style\":{},\"labelStyle\":{},\"nextLine\":true,\"value\":\"\"}],\"selectedDynamicText\":null,\"isDraggable\":true,\"isResizable\":true,\"isDropZone\":false,\"startX\":172.45449829101562,\"startY\":329.00852966308594,\"pageX\":259.4544982910156,\"pageY\":346.1817932128906,\"width\":528.9189826821016,\"height\":75.72726821899414,\"styleEditMode\":\"main\",\"labelDisplayStyle\":\"standard\",\"style\":{\"fontWeight\":\"700\",\"backgroundColor\":\"#fffcfc\",\"paddingTop\":\"10px\",\"paddingLeft\":\"10px\"},\"labelStyle\":{\"zIndex\":1},\"heightType\":\"auto\",\"classes\":[],\"index\":6,\"isElementOverlapping\":false},{\"id\":\"SyFpLCHbSs\",\"type\":\"text\",\"content\":\"\",\"contenteditable\":true,\"isDynamic\":true,\"isFixedSize\":false,\"dynamicContent\":[],\"selectedDynamicText\":null,\"isDraggable\":true,\"isResizable\":true,\"isDropZone\":false,\"startX\":475,\"startY\":366,\"pageX\":562,\"pageY\":350,\"width\":2,\"height\":23.008522033691406,\"styleEditMode\":\"main\",\"labelDisplayStyle\":\"standard\",\"style\":{},\"labelStyle\":{},\"heightType\":\"auto\",\"classes\":[],\"index\":7,\"isElementOverlapping\":true},{\"id\":\"vrPxMqAxab\",\"type\":\"text\",\"content\":\"\",\"contenteditable\":true,\"isDynamic\":true,\"isFixedSize\":true,\"dynamicContent\":[{\"doctype\":\"\",\"parentField\":\"\",\"fieldname\":\"hWCrMUSoPW\",\"value\":\"&nbsp; &nbsp; &nbsp; &nbsp; &nbsp; &nbsp; &nbsp; &nbsp; &nbsp; &nbsp; &nbsp; &nbsp; &nbsp; &nbsp; &nbsp; &nbsp; &nbsp; &nbsp; &nbsp; &nbsp; &nbsp; &nbsp; &nbsp; &nbsp; &nbsp; &nbsp; &nbsp; &nbsp; &nbsp; &nbsp; &nbsp; shop Information\",\"fieldtype\":\"StaticText\",\"is_static\":true,\"is_labelled\":false,\"nextLine\":false,\"parseJinja\":false,\"style\":{},\"labelStyleEditing\":false}],\"selectedDynamicText\":null,\"isDraggable\":true,\"isResizable\":true,\"isDropZone\":false,\"startX\":173.91766357421875,\"startY\":427.9090881347656,\"pageX\":370.90911865234375,\"pageY\":409.9090881347656,\"width\":526.5511347005222,\"height\":38.690359115600586,\"styleEditMode\":\"main\",\"labelDisplayStyle\":\"standard\",\"style\":{\"paddingTop\":\"10px\",\"paddingLeft\":\"1px\",\"fontWeight\":\"800\",\"backgroundColor\":\"#c1e85d\"},\"labelStyle\":{},\"heightType\":\"auto\",\"classes\":[],\"index\":8,\"isElementOverlapping\":false},{\"id\":\"OYRGMbbwHO\",\"type\":\"text\",\"content\":\"\",\"contenteditable\":true,\"isDynamic\":true,\"isFixedSize\":true,\"dynamicContent\":[{\"doctype\":\"\",\"parentField\":\"\",\"fieldname\":\"CODXDifLuZ\",\"value\":\"Shop Number&nbsp; &nbsp; &nbsp; &nbsp; &nbsp; &nbsp; &nbsp; &nbsp; &nbsp;&nbsp;\",\"fieldtype\":\"StaticText\",\"is_static\":true,\"is_labelled\":false,\"nextLine\":false,\"parseJinja\":false,\"style\":{},\"labelStyleEditing\":false},{\"doctype\":\"Airport Shop\",\"parentField\":\"shop\",\"fieldname\":\"shop_number\",\"options\":null,\"fieldtype\":\"Data\",\"label\":\"Shop Number :\",\"suffix\":null,\"is_labelled\":false,\"is_static\":false,\"print_hide\":0,\"style\":{},\"labelStyle\":{},\"nextLine\":true,\"value\":\"\"},{\"doctype\":\"\",\"parentField\":\"\",\"fieldname\":\"yDbimelKaT\",\"value\":\"Location&nbsp; &nbsp; &nbsp; &nbsp; &nbsp; &nbsp; &nbsp; &nbsp; &nbsp; &nbsp; &nbsp; &nbsp; &nbsp; &nbsp;\",\"fieldtype\":\"StaticText\",\"is_static\":true,\"is_labelled\":false,\"nextLine\":false,\"parseJinja\":false,\"style\":{},\"labelStyleEditing\":false},{\"doctype\":\"Airport Shop\",\"parentField\":\"shop\",\"fieldname\":\"location\",\"options\":null,\"fieldtype\":\"Data\",\"label\":\"Location :\",\"suffix\":null,\"is_labelled\":false,\"is_static\":false,\"print_hide\":0,\"style\":{},\"labelStyle\":{},\"nextLine\":true,\"value\":\"\"},{\"doctype\":\"\",\"parentField\":\"\",\"fieldname\":\"PzlDnyNWIQ\",\"value\":\"Status&nbsp; &nbsp; &nbsp; &nbsp; &nbsp; &nbsp; &nbsp; &nbsp; &nbsp; &nbsp; &nbsp; &nbsp; &nbsp; &nbsp; &nbsp;&nbsp;\",\"fieldtype\":\"StaticText\",\"is_static\":true,\"is_labelled\":false,\"nextLine\":false,\"parseJinja\":false,\"style\":{}},{\"doctype\":\"Airport Shop\",\"parentField\":\"shop\",\"fieldname\":\"status\",\"options\":\"Available\\nOccupied\",\"fieldtype\":\"Select\",\"label\":\"Status :\",\"suffix\":null,\"is_labelled\":false,\"is_static\":false,\"print_hide\":0,\"style\":{},\"labelStyle\":{},\"nextLine\":true,\"value\":\"\"}],\"selectedDynamicText\":null,\"isDraggable\":true,\"isResizable\":true,\"isDropZone\":false,\"startX\":173.91763305664062,\"startY\":485,\"pageX\":334,\"pageY\":383,\"width\":526.5610725258516,\"height\":74.14488792419434,\"styleEditMode\":\"main\",\"labelDisplayStyle\":\"standard\",\"style\":{\"paddingTop\":\"10px\",\"paddingLeft\":\"10px\",\"fontWeight\":\"700\"},\"labelStyle\":{},\"heightType\":\"auto\",\"classes\":[],\"index\":9,\"isElementOverlapping\":false},{\"id\":\"jPvWdGyhAK\",\"type\":\"text\",\"content\":\"\",\"contenteditable\":true,\"isDynamic\":true,\"isFixedSize\":true,\"dynamicContent\":[{\"doctype\":\"\",\"parentField\":\"\",\"fieldname\":\"gXCtKCVfvs\",\"value\":\"&nbsp; &nbsp; &nbsp; &nbsp; &nbsp; &nbsp; &nbsp; &nbsp; &nbsp; &nbsp; &nbsp; &nbsp; &nbsp; &nbsp; &nbsp; &nbsp; &nbsp; &nbsp; &nbsp; &nbsp; &nbsp; &nbsp; &nbsp; &nbsp; &nbsp; &nbsp; &nbsp; &nbsp; &nbsp; &nbsp; &nbsp;Payment Information\",\"fieldtype\":\"StaticText\",\"is_static\":true,\"is_labelled\":false,\"nextLine\":false,\"parseJinja\":false,\"style\":{},\"labelStyleEditing\":false}],\"selectedDynamicText\":null,\"isDraggable\":true,\"isResizable\":true,\"isDropZone\":false,\"startX\":172.4517059326172,\"startY\":582,\"pageX\":347,\"pageY\":387,\"width\":528.0241808270143,\"height\":38.690359115600586,\"styleEditMode\":\"main\",\"labelDisplayStyle\":\"standard\",\"style\":{\"paddingTop\":\"10px\",\"paddingLeft\":\"10px\",\"backgroundColor\":\"#c1e85d\",\"fontWeight\":\"800\"},\"labelStyle\":{},\"heightType\":\"auto\",\"classes\":[],\"index\":10,\"isElementOverlapping\":false},{\"id\":\"FFFQrnuxNl\",\"type\":\"image\",\"isDraggable\":true,\"isResizable\":true,\"isDropZone\":false,\"isDynamic\":false,\"image\":{\"name\":\"50f41483c5\",\"file_name\":\"graphic-signature-angle.png\",\"file_url\":\"https://www.jsign.com/wp-content/uploads/2022/06/graphic-signature-angle.png\",\"modified\":\"2024-11-29 07:04:39.568394\"},\"startX\":515.1790466308594,\"startY\":622.6364135742188,\"pageX\":530.0000305175781,\"pageY\":377.0909729003906,\"width\":138.4770382863125,\"height\":75.97706880389063,\"styleEditMode\":\"main\",\"style\":{},\"classes\":[],\"index\":11,\"isElementOverlapping\":false},{\"id\":\"yYxiTwtyzz\",\"type\":\"text\",\"content\":\"\",\"contenteditable\":true,\"isDynamic\":true,\"isFixedSize\":true,\"dynamicContent\":[{\"doctype\":\"\",\"parentField\":\"\",\"fieldname\":\"xOucYhblMP\",\"value\":\"Amount&nbsp; &nbsp; &nbsp; &nbsp; &nbsp; &nbsp; &nbsp; &nbsp; &nbsp; &nbsp; &nbsp; &nbsp; &nbsp; &nbsp; &nbsp; &nbsp; &nbsp;\",\"fieldtype\":\"StaticText\",\"is_static\":true,\"is_labelled\":false,\"nextLine\":false,\"parseJinja\":false,\"style\":{},\"labelStyleEditing\":false},{\"doctype\":\"\",\"parentField\":\"\",\"fieldname\":\"amount_paid\",\"options\":\"\",\"fieldtype\":\"Currency\",\"label\":\"Amount Paid :\",\"suffix\":null,\"is_labelled\":false,\"is_static\":false,\"print_hide\":0,\"style\":{},\"labelStyle\":{},\"nextLine\":true,\"value\":\"\",\"labelStyleEditing\":false}],\"selectedDynamicText\":null,\"isDraggable\":true,\"isResizable\":true,\"isDropZone\":false,\"startX\":173.00848388671875,\"startY\":643.2727355957031,\"pageX\":319.0908508300781,\"pageY\":395.2727355957031,\"width\":519.2747994350755,\"height\":25.05397605895996,\"styleEditMode\":\"main\",\"labelDisplayStyle\":\"standard\",\"style\":{\"fontWeight\":\"700\",\"paddingTop\":\"10px\",\"paddingLeft\":\"10px\"},\"labelStyle\":{},\"heightType\":\"auto\",\"classes\":[],\"index\":12,\"isElementOverlapping\":false}],\"isDraggable\":false,\"isResizable\":false,\"snapPoints\":[null,null],\"snapEdges\":[null,null,null,null]}]",
 "print_designer_footer": "[{\"type\":\"page\",\"childrens\":[],\"firstPage\":true,\"oddPage\":true,\"evenPage\":true,\"lastPage\":true}]",
 "print_designer_header": "[{\"type\":\"page\",\"childrens\":[],\"firstPage\":true,\"oddPage\":true,\"evenPage\":true,\"lastPage\":true,\"isDraggable\":true,\"isResizable\":true,\"isDropZone\":true}]",
 "print_designer_preview_img": "/private/files/print_designer-receipt-preview23ba46.jpg",
 "print_designer_print_format": "{\"header\":{\"firstPage\":[],\"oddPage\":[],\"evenPage\":[],\"lastPage\":[]},\"body\":[{\"type\":\"page\",\"index\":0,\"isDropZone\":false,\"childrens\":[{\"id\":\"IETIpQFvmV\",\"type\":\"rectangle\",\"DOMRef\":null,\"childrens\":[{\"id\":\"wRlsuQWKxm\",\"type\":\"rectangle\",\"DOMRef\":null,\"childrens\":[{\"id\":\"opLJcDAswW\",\"type\":\"image\",\"isDraggable\":true,\"isResizable\":true,\"isDropZone\":false,\"isDynamic\":false,\"image\":{\"name\":\"0b1e405608\",\"file_name\":\"Screenshot from 2024-11-29 01-29-28.png\",\"file_url\":\"/private/files/Screenshot from 2024-11-29 01-29-28.png\",\"modified\":\"2024-11-29 01:30:22.861253\"},\"startX\":168.72723388671875,\"startY\":28.636337280273438,\"pageX\":251.72723388671875,\"pageY\":125.63633728027344,\"width\":151.181102364,\"height\":151.181102364,\"styleEditMode\":\"main\",\"style\":{},\"classes\":[],\"index\":0,\"isElementOverlapping\":false}],\"isDraggable\":false,\"isResizable\":false,\"isDropZone\":false,\"startX\":0,\"startY\":0,\"pageX\":0,\"pageY\":0,\"width\":319.9083362507188,\"height\":179.81743964427343,\"styleEditMode\":\"main\",\"style\":{},\"classes\":[\"relative-column\"],\"layoutType\":\"column\",\"relativeColumn\":true,\"heightType\":\"fixed\"},{\"id\":\"CFNlLVIxap\",\"type\":\"rectangle\",\"DOMRef\":null,\"childrens\":[{\"id\":\"cobeFDuMEl\",\"type\":\"image\",\"isDraggable\":true,\"isResizable\":true,\"isDropZone\":false,\"isDynamic\":false,\"image\":{\"name\":\"f722c8d2e5\",\"file_name\":\"Screenshot from 2024-11-29 00-11-31.png\",\"file_url\":\"/private/files/Screenshot from 2024-11-29 00-11-31.png\",\"modified\":\"2024-11-29 00:12:07.962604\"},\"startX\":44.818897635999974,\"startY\":92.63636779785156,\"pageX\":516.7272338867188,\"pageY\":190.63636779785156,\"width\":328.453807442125,\"height\":52.999263374742185,\"styleEditMode\":\"main\",\"style\":{},\"classes\":[],\"index\":1,\"isElementOverlapping\":false}],\"isDraggable\":false,\"isResizable\":false,\"isDropZone\":false,\"startX\":319.9083362507188,\"startY\":0,\"pageX\":319.9083362507188,\"pageY\":0,\"width\":473.79266374928125,\"height\":179.81743964427343,\"styleEditMode\":\"main\",\"style\":{},\"classes\":[\"relative-column\"],\"layoutType\":\"column\",\"relativeColumn\":true,\"heightType\":\"fixed\"}],\"isDraggable\":false,\"isResizable\":false,\"isDropZone\":false,\"startX\":0,\"startY\":0,\"pageX\":168.72723388671875,\"pageY\":0,\"width\":793.701,\"height\":179.81743964427343,\"styleEditMode\":\"main\",\"style\":{},\"classes\":[\"relative-row\"],\"layoutType\":\"row\",\"heightType\":\"fixed\"},{\"id\":\"MncQhejDti\",\"type\":\"rectangle\",\"DOMRef\":null,\"childrens\":[{\"id\":\"hgcqIkqmeM\",\"type\":\"text\",\"content\":\"\",\"contenteditable\":true,\"isDynamic\":true,\"isFixedSize\":true,\"dynamicContent\":[{\"doctype\":\"\",\"parentField\":\"\",\"fieldname\":\"JZIfBjcUFc\",\"value\":\"Receipt Number&nbsp; &nbsp; &nbsp; &nbsp; &nbsp;&nbsp;\",\"fieldtype\":\"StaticText\",\"is_static\":true,\"is_labelled\":false,\"nextLine\":false,\"parseJinja\":false,\"style\":{\"fontWeight\":\"700\",\"backgroundColor\":\"\"},\"labelStyleEditing\":false,\"spanRef\":null},{\"doctype\":\"\",\"parentField\":\"\",\"fieldname\":\"receipt_number\",\"options\":null,\"fieldtype\":\"Date\",\"label\":\"Receipt Number  :\",\"suffix\":null,\"is_labelled\":false,\"is_static\":false,\"print_hide\":0,\"style\":{\"fontWeight\":\"700\",\"backgroundColor\":\"#fffcfc\"},\"labelStyle\":{},\"nextLine\":true,\"value\":\"\",\"labelStyleEditing\":false,\"spanRef\":null},{\"doctype\":\"\",\"parentField\":\"\",\"fieldname\":\"kGWsrUQytC\",\"value\":\"Date&nbsp; &nbsp; &nbsp; &nbsp; &nbsp; &nbsp; &nbsp; &nbsp; &nbsp; &nbsp; &nbsp; &nbsp; &nbsp; &nbsp; &nbsp; &nbsp; &nbsp;\",\"fieldtype\":\"StaticText\",\"is_static\":true,\"is_labelled\":false,\"nextLine\":false,\"parseJinja\":false,\"style\":{},\"labelStyleEditing\":false,\"spanRef\":null},{\"doctype\":\"\",\"parentField\":\"\",\"fieldname\":\"payment_date\",\"options\":null,\"fieldtype\":\"Date\",\"label\":\"Payment Date :\",\"suffix\":null,\"is_labelled\":false,\"is_static\":false,\"print_hide\":0,\"style\":{},\"labelStyle\":{},\"nextLine\":true,\"value\":\"\",\"labelStyleEditing\":false,\"spanRef\":null}],\"selectedDynamicText\":null,\"isDraggable\":true,\"isResizable\":true,\"isDropZone\":false,\"startX\":173.9090576171875,\"startY\":17.637134940687503,\"pageX\":260.9090576171875,\"pageY\":311.45457458496094,\"width\":527.4566303181016,\"height\":61.6448860168457,\"styleEditMode\":\"main\",\"labelDisplayStyle\":\"standard\",\"style\":{\"backgroundColor\":\"#fffcfc\",\"color\":\"#3d1212\",\"fontWeight\":\"700\",\"paddingTop\":\"10px\",\"paddingLeft\":\"10px\",\"paddingBottom\":\"10px\"},\"labelStyle\":{\"zIndex\":1},\"heightType\":\"auto\",\"classes\":[],\"index\":2,\"isElementOverlapping\":false},{\"id\":\"vplmgnZSJi\",\"type\":\"text\",\"content\":\"\",\"contenteditable\":true,\"isDynamic\":true,\"isFixedSize\":true,\"dynamicContent\":[],\"selectedDynamicText\":null,\"isDraggable\":true,\"isResizable\":true,\"isDropZone\":false,\"startX\":236,\"startY\":77.18256035572657,\"pageX\":323,\"pageY\":275,\"width\":2,\"height\":23.008522033691406,\"styleEditMode\":\"main\",\"labelDisplayStyle\":\"standard\",\"style\":{},\"labelStyle\":{},\"heightType\":\"auto\",\"classes\":[],\"index\":3,\"isElementOverlapping\":false},{\"id\":\"NWemoKKcys\",\"type\":\"text\",\"content\":\"\",\"contenteditable\":true,\"isDynamic\":true,\"isFixedSize\":true,\"dynamicContent\":[{\"doctype\":\"\",\"parentField\":\"\",\"fieldname\":\"SImkDZfusU\",\"value\":\"&nbsp; &nbsp; &nbsp; &nbsp; &nbsp; &nbsp; &nbsp; &nbsp; &nbsp; &nbsp; &nbsp; &nbsp; &nbsp; &nbsp; &nbsp; &nbsp; &nbsp; &nbsp; &nbsp; &nbsp; &nbsp; &nbsp; &nbsp; &nbsp; &nbsp; &nbsp; &nbsp; &nbsp; &nbsp; &nbsp; &nbsp;Tenant Information\",\"fieldtype\":\"StaticText\",\"is_static\":true,\"is_labelled\":false,\"nextLine\":false,\"parseJinja\":false,\"style\":{},\"labelStyleEditing\":false}],\"selectedDynamicText\":null,\"isDraggable\":true,\"isResizable\":true,\"isDropZone\":false,\"startX\":173.0113983154297,\"startY\":97.63710442310938,\"pageX\":332.90911865234375,\"pageY\":284.18182373046875,\"width\":527.4446174477266,\"height\":37.93465995788574,\"styleEditMode\":\"main\",\"labelDisplayStyle\":\"standard\",\"style\":{\"backgroundColor\":\"#c1e85d\",\"fontFamily\":\"Fira Sans\",\"fontWeight\":\"800\",\"fontSize\":\"14px\",\"fontStyle\":\"normal\",\"textAlign\":\"justify\",\"paddingTop\":\"10px\"},\"labelStyle\":{\"zIndex\":1},\"heightType\":\"auto\",\"classes\":[],\"index\":4,\"isElementOverlapping\":false},{\"id\":\"KLyeLHFaCx\",\"type\":\"text\",\"content\":\"\",\"contenteditable\":true,\"isDynamic\":true,\"isFixedSize\":false,\"dynamicContent\":[],\"selectedDynamicText\":null,\"isDraggable\":true,\"isResizable\":true,\"isDropZone\":false,\"startX\":418,\"startY\":126.18256035572657,\"pageX\":506,\"pageY\":290,\"width\":2,\"height\":23.008522033691406,\"styleEditMode\":\"main\",\"labelDisplayStyle\":\"standard\",\"style\":{},\"labelStyle\":{},\"heightType\":\"auto\",\"classes\":[],\"index\":5,\"isElementOverlapping\":false}],\"isDraggable\":false,\"isResizable\":false,\"isDropZone\":false,\"startX\":0,\"startY\":179.81743964427343,\"pageX\":173.0113983154297,\"pageY\":179.81743964427343,\"width\":793.701,\"height\":149.19108238941797,\"styleEditMode\":\"main\",\"style\":{},\"classes\":[\"relative-row\"],\"layoutType\":\"row\",\"heightType\":\"fixed\"},{\"id\":\"ESxsgrgbRT\",\"type\":\"rectangle\",\"DOMRef\":null,\"childrens\":[{\"id\":\"pSBortKQrs\",\"type\":\"text\",\"content\":\"\",\"contenteditable\":true,\"isDynamic\":true,\"isFixedSize\":true,\"dynamicContent\":[{\"doctype\":\"\",\"parentField\":\"\",\"fieldname\":\"HSFsovOgoy\",\"value\":\"Tenant&nbsp; &nbsp; &nbsp; &nbsp; &nbsp; &nbsp; &nbsp; &nbsp; &nbsp; &nbsp; &nbsp; &nbsp; &nbsp; &nbsp;\",\"fieldtype\":\"StaticText\",\"is_static\":true,\"is_labelled\":false,\"nextLine\":false,\"parseJinja\":false,\"style\":{\"fontWeight\":\"700\"},\"labelStyleEditing\":false},{\"doctype\":\"tenant\",\"parentField\":\"tenant\",\"fieldname\":\"name1\",\"options\":null,\"fieldtype\":\"Data\",\"label\":\"Name :\",\"suffix\":null,\"is_labelled\":false,\"is_static\":false,\"print_hide\":0,\"style\":{},\"labelStyle\":{},\"nextLine\":true,\"value\":\"\"},{\"doctype\":\"\",\"parentField\":\"\",\"fieldname\":\"nIaTXVBOUO\",\"value\":\"Phone Number&nbsp; &nbsp; &nbsp; &nbsp; &nbsp;&nbsp;\",\"fieldtype\":\"StaticText\",\"is_static\":true,\"is_labelled\":false,\"nextLine\":false,\"parseJinja\":false,\"style\":{}},{\"doctype\":\"tenant\",\"parentField\":\"tenant\",\"fieldname\":\"phone_number\",\"options\":null,\"fieldtype\":\"Phone\",\"label\":\"Phone Number :\",\"suffix\":null,\"is_labelled\":false,\"is_static\":false,\"print_hide\":0,\"style\":{},\"labelStyle\":{},\"nextLine\":true,\"value\":\"\"},{\"doctype\":\"\",\"parentField\":\"\",\"fieldname\":\"XKSktyEqzS\",\"value\":\"Address&nbsp; &nbsp; &nbsp; &nbsp; &nbsp; &nbsp; &nbsp; &nbsp; &nbsp; &nbsp; &nbsp; &nbsp;&nbsp;\",\"fieldtype\":\"StaticText\",\"is_static\":true,\"is_labelled\":false,\"nextLine\":false,\"parseJinja\":false,\"style\":{},\"labelStyleEditing\":false},{\"doctype\":\"tenant\",\"parentField\":\"tenant\",\"fieldname\":\"address\",\"options\":null,\"fieldtype\":\"Small Text\",\"label\":\"Address :\",\"suffix\":null,\"is_labelled\":false,\"is_static\":false,\"print_hide\":0,\"style\":{},\"labelStyle\":{},\"nextLine\":true,\"value\":\"\"}],\"selectedDynamicText\":null,\"isDraggable\":true,\"isResizable\":true,\"isDropZone\":false,\"startX\":172.45449829101562,\"startY\":0.00000762939453125,\"pageX\":259.4544982910156,\"pageY\":346.1817932128906,\"width\":528.9189826821016,\"height\":75.72726821899414,\"styleEditMode\":\"main\",\"labelDisplayStyle\":\"standard\",\"style\":{\"fontWeight\":\"700\",\"backgroundColor\":\"#fffcfc\",\"paddingTop\":\"10px\",\"paddingLeft\":\"10px\"},\"labelStyle\":{\"zIndex\":1},\"heightType\":\"auto\",\"classes\":[],\"index\":6,\"isElementOverlapping\":false},{\"id\":\"SyFpLCHbSs\",\"type\":\"text\",\"content\":\"\",\"contenteditable\":true,\"isDynamic\":true,\"isFixedSize\":false,\"dynamicContent\":[],\"selectedDynamicText\":null,\"isDraggable\":true,\"isResizable\":true,\"isDropZone\":false,\"startX\":475,\"startY\":36.991477966308594,\"pageX\":562,\"pageY\":350,\"width\":2,\"height\":23.008522033691406,\"styleEditMode\":\"main\",\"labelDisplayStyle\":\"standard\",\"style\":{},\"labelStyle\":{},\"heightType\":\"auto\",\"classes\":[],\"index\":7,\"isElementOverlapping\":true}],\"isDraggable\":false,\"isResizable\":false,\"isDropZone\":false,\"startX\":0,\"startY\":329.0085220336914,\"pageX\":172.45449829101562,\"pageY\":329.0085220336914,\"width\":793.701,\"height\":75.72727584838867,\"styleEditMode\":\"main\",\"style\":{},\"classes\":[\"relative-row\"],\"layoutType\":\"row\",\"heightType\":\"fixed\"},{\"id\":\"szjBIiRuQe\",\"type\":\"rectangle\",\"DOMRef\":null,\"childrens\":[{\"id\":\"vrPxMqAxab\",\"type\":\"text\",\"content\":\"\",\"contenteditable\":true,\"isDynamic\":true,\"isFixedSize\":true,\"dynamicContent\":[{\"doctype\":\"\",\"parentField\":\"\",\"fieldname\":\"hWCrMUSoPW\",\"value\":\"&nbsp; &nbsp; &nbsp; &nbsp; &nbsp; &nbsp; &nbsp; &nbsp; &nbsp; &nbsp; &nbsp; &nbsp; &nbsp; &nbsp; &nbsp; &nbsp; &nbsp; &nbsp; &nbsp; &nbsp; &nbsp; &nbsp; &nbsp; &nbsp; &nbsp; &nbsp; &nbsp; &nbsp; &nbsp; &nbsp; &nbsp; shop Information\",\"fieldtype\":\"StaticText\",\"is_static\":true,\"is_labelled\":false,\"nextLine\":false,\"parseJinja\":false,\"style\":{},\"labelStyleEditing\":false}],\"selectedDynamicText\":null,\"isDraggable\":true,\"isResizable\":true,\"isDropZone\":false,\"startX\":173.91766357421875,\"startY\":23.173290252685547,\"pageX\":370.90911865234375,\"pageY\":409.9090881347656,\"width\":526.5511347005222,\"height\":38.690359115600586,\"styleEditMode\":\"main\",\"labelDisplayStyle\":\"standard\",\"style\":{\"paddingTop\":\"10px\",\"paddingLeft\":\"1px\",\"fontWeight\":\"800\",\"backgroundColor\":\"#c1e85d\"},\"labelStyle\":{},\"heightType\":\"auto\",\"classes\":[],\"index\":8,\"isElementOverlapping\":false}],\"isDraggable\":false,\"isResizable\":false,\"isDropZone\":false,\"startX\":0,\"startY\":404.7357978820801,\"pageX\":173.91766357421875,\"pageY\":404.7357978820801,\"width\":793.701,\"height\":61.86364936828613,\"styleEditMode\":\"main\",\"style\":{},\"classes\":[\"relative-row\"],\"layoutType\":\"row\",\"heightType\":\"auto\"},{\"id\":\"ALLZWTCzIE\",\"type\":\"rectangle\",\"DOMRef\":null,\"childrens\":[{\"id\":\"OYRGMbbwHO\",\"type\":\"text\",\"content\":\"\",\"contenteditable\":true,\"isDynamic\":true,\"isFixedSize\":true,\"dynamicContent\":[{\"doctype\":\"\",\"parentField\":\"\",\"fieldname\":\"CODXDifLuZ\",\"value\":\"Shop Number&nbsp; &nbsp; &nbsp; &nbsp; &nbsp; &nbsp; &nbsp; &nbsp; &nbsp;&nbsp;\",\"fieldtype\":\"StaticText\",\"is_static\":true,\"is_labelled\":false,\"nextLine\":false,\"parseJinja\":false,\"style\":{},\"labelStyleEditing\":false},{\"doctype\":\"Airport Shop\",\"parentField\":\"shop\",\"fieldname\":\"shop_number\",\"options\":null,\"fieldtype\":\"Data\",\"label\":\"Shop Number :\",\"suffix\":null,\"is_labelled\":false,\"is_static\":false,\"print_hide\":0,\"style\":{},\"labelStyle\":{},\"nextLine\":true,\"value\":\"\"},{\"doctype\":\"\",\"parentField\":\"\",\"fieldname\":\"yDbimelKaT\",\"value\":\"Location&nbsp; &nbsp; &nbsp; &nbsp; &nbsp; &nbsp; &nbsp; &nbsp; &nbsp; &nbsp; &nbsp; &nbsp; &nbsp; &nbsp;\",\"fieldtype\":\"StaticText\",\"is_static\":true,\"is_labelled\":false,\"nextLine\":false,\"parseJinja\":false,\"style\":{},\"labelStyleEditing\":false},{\"doctype\":\"Airport Shop\",\"parentField\":\"shop\",\"fieldname\":\"location\",\"options\":null,\"fieldtype\":\"Data\",\"label\":\"Location :\",\"suffix\":null,\"is_labelled\":false,\"is_static\":false,\"print_hide\":0,\"style\":{},\"labelStyle\":{},\"nextLine\":true,\"value\":\"\"},{\"doctype\":\"\",\"parentField\":\"\",\"fieldname\":\"PzlDnyNWIQ\",\"value\":\"Status&nbsp; &nbsp; &nbsp; &nbsp; &nbsp; &nbsp; &nbsp; &nbsp; &nbsp; &nbsp; &nbsp; &nbsp; &nbsp; &nbsp; &nbsp;&nbsp;\",\"fieldtype\":\"StaticText\",\"is_static\":true,\"is_labelled\":false,\"nextLine\":false,\"parseJinja\":false,\"style\":{}},{\"doctype\":\"Airport Shop\",\"parentField\":\"shop\",\"fieldname\":\"status\",\"options\":\"Available\\nOccupied\",\"fieldtype\":\"Select\",\"label\":\"Status :\",\"suffix\":null,\"is_labelled\":false,\"is_static\":false,\"print_hide\":0,\"style\":{},\"labelStyle\":{},\"nextLine\":true,\"value\":\"\"}],\"selectedDynamicText\":null,\"isDraggable\":true,\"isResizable\":true,\"isDropZone\":false,\"startX\":173.91763305664062,\"startY\":18.40055274963379,\"pageX\":334,\"pageY\":383,\"width\":526.5610725258516,\"height\":74.14488792419434,\"styleEditMode\":\"main\",\"labelDisplayStyle\":\"standard\",\"style\":{\"paddingTop\":\"10px\",\"paddingLeft\":\"10px\",\"fontWeight\":\"700\"},\"labelStyle\":{},\"heightType\":\"auto\",\"classes\":[],\"index\":9,\"isElementOverlapping\":false}],\"isDraggable\":false,\"isResizable\":false,\"isDropZone\":false,\"startX\":0,\"startY\":466.5994472503662,\"pageX\":173.91763305664062,\"pageY\":466.5994472503662,\"width\":793.701,\"height\":92.54544067382812,\"styleEditMode\":\"main\",\"style\":{},\"classes\":[\"relative-row\"],\"layoutType\":\"row\",\"heightType\":\"auto\"},{\"id\":\"ENQWCprlCn\",\"type\":\"rectangle\",\"DOMRef\":null,\"childrens\":[{\"id\":\"jPvWdGyhAK\",\"type\":\"text\",\"content\":\"\",\"contenteditable\":true,\"isDynamic\":true,\"isFixedSize\":true,\"dynamicContent\":[{\"doctype\":\"\",\"parentField\":\"\",\"fieldname\":\"gXCtKCVfvs\",\"value\":\"&nbsp; &nbsp; &nbsp; &nbsp; &nbsp; &nbsp; &nbsp; &nbsp; &nbsp; &nbsp; &nbsp; &nbsp; &nbsp; &nbsp; &nbsp; &nbsp; &nbsp; &nbsp; &nbsp; &nbsp; &nbsp; &nbsp; &nbsp; &nbsp; &nbsp; &nbsp; &nbsp; &nbsp; &nbsp; &nbsp; &nbsp;Payment Information\",\"fieldtype\":\"StaticText\",\"is_static\":true,\"is_labelled\":false,\"nextLine\":false,\"parseJinja\":false,\"style\":{},\"labelStyleEditing\":false}],\"selectedDynamicText\":null,\"isDraggable\":true,\"isResizable\":true,\"isDropZone\":false,\"startX\":172.4517059326172,\"startY\":22.855112075805664,\"pageX\":347,\"pageY\":387,\"width\":528.0241808270143,\"height\":38.690359115600586,\"styleEditMode\":\"main\",\"labelDisplayStyle\":\"standard\",\"style\":{\"paddingTop\":\"10px\",\"paddingLeft\":\"10px\",\"backgroundColor\":\"#c1e85d\",\"fontWeight\":\"800\"},\"labelStyle\":{},\"heightType\":\"auto\",\"classes\":[],\"index\":10,\"isElementOverlapping\":false}],\"isDraggable\":false,\"isResizable\":false,\"isDropZone\":false,\"startX\":0,\"startY\":559.1448879241943,\"pageX\":172.4517059326172,\"pageY\":559.1448879241943,\"width\":793.701,\"height\":61.54547119140625,\"styleEditMode\":\"main\",\"style\":{},\"classes\":[\"relative-row\"],\"layoutType\":\"row\",\"heightType\":\"auto\"},{\"id\":\"jWTBCMIaAu\",\"type\":\"rectangle\",\"DOMRef\":null,\"childrens\":[{\"id\":\"FFFQrnuxNl\",\"type\":\"image\",\"isDraggable\":true,\"isResizable\":true,\"isDropZone\":false,\"isDynamic\":false,\"image\":{\"name\":\"50f41483c5\",\"file_name\":\"graphic-signature-angle.png\",\"file_url\":\"https://www.jsign.com/wp-content/uploads/2022/06/graphic-signature-angle.png\",\"modified\":\"2024-11-29 07:04:39.568394\"},\"startX\":515.1790466308594,\"startY\":1.946054458618164,\"pageX\":530.0000305175781,\"pageY\":377.0909729003906,\"width\":138.4770382863125,\"height\":75.97706880389063,\"styleEditMode\":\"main\",\"style\":{},\"classes\":[],\"index\":11,\"isElementOverlapping\":false},{\"id\":\"yYxiTwtyzz\",\"type\":\"text\",\"content\":\"\",\"contenteditable\":true,\"isDynamic\":true,\"isFixedSize\":true,\"dynamicContent\":[{\"doctype\":\"\",\"parentField\":\"\",\"fieldname\":\"xOucYhblMP\",\"value\":\"Amount&nbsp; &nbsp; &nbsp; &nbsp; &nbsp; &nbsp; &nbsp; &nbsp; &nbsp; &nbsp; &nbsp; &nbsp; &nbsp; &nbsp; &nbsp; &nbsp; &nbsp;\",\"fieldtype\":\"StaticText\",\"is_static\":true,\"is_labelled\":false,\"nextLine\":false,\"parseJinja\":false,\"style\":{},\"labelStyleEditing\":false},{\"doctype\":\"\",\"parentField\":\"\",\"fieldname\":\"amount_paid\",\"options\":\"\",\"fieldtype\":\"Currency\",\"label\":\"Amount Paid :\",\"suffix\":null,\"is_labelled\":false,\"is_static\":false,\"print_hide\":0,\"style\":{},\"labelStyle\":{},\"nextLine\":true,\"value\":\"\",\"labelStyleEditing\":false}],\"selectedDynamicText\":null,\"isDraggable\":true,\"isResizable\":true,\"isDropZone\":false,\"startX\":173.00848388671875,\"startY\":22.58237648010254,\"pageX\":319.0908508300781,\"pageY\":395.2727355957031,\"width\":519.2747994350755,\"height\":25.05397605895996,\"styleEditMode\":\"main\",\"labelDisplayStyle\":\"standard\",\"style\":{\"fontWeight\":\"700\",\"paddingTop\":\"10px\",\"paddingLeft\":\"10px\"},\"labelStyle\":{},\"heightType\":\"auto\",\"classes\":[],\"index\":12,\"isElementOverlapping\":false}],\"isDraggable\":false,\"isResizable\":false,\"isDropZone\":false,\"startX\":0,\"startY\":620.6903591156006,\"pageX\":173.00848388671875,\"pageY\":620.6903591156006,\"width\":793.701,\"height\":77.92312326250885,\"styleEditMode\":\"main\",\"style\":{},\"classes\":[\"relative-row\"],\"layoutType\":\"row\",\"heightType\":\"fixed\"}],\"isDraggable\":false,\"isResizable\":false,\"snapPoints\":[null,null],\"snapEdges\":[null,null,null,null]}],\"footer\":{\"firstPage\":[],\"oddPage\":[],\"evenPage\":[],\"lastPage\":[]}}",
 "print_designer_settings": "{\"page\":{\"height\":1122.5196850527,\"width\":793.701,\"marginTop\":0,\"marginBottom\":0,\"marginLeft\":0,\"marginRight\":0,\"headerHeight\":0,\"footerHeight\":0,\"headerHeightWithMargin\":0,\"footerHeightWithMargin\":0,\"UOM\":\"mm\"},\"pdfPrintDPI\":96,\"globalStyles\":{\"staticText\":{\"isGlobalStyle\":true,\"styleEditMode\":\"main\",\"labelDisplayStyle\":\"standard\",\"type\":\"text\",\"isDynamic\":false,\"mainRuleSelector\":\".staticText\",\"style\":{\"display\":\"inline-block\",\"fontFamily\":\"Inter\",\"fontSize\":\"14px\",\"fontWeight\":400,\"color\":\"#000000\",\"textAlign\":\"left\",\"fontStyle\":\"normal\",\"textDecoration\":\"none\",\"textTransform\":\"none\",\"lineHeight\":1.25,\"letterSpacing\":\"0px\",\"contenteditable\":false,\"border\":\"none\",\"borderWidth\":\"0px\",\"borderColor\":\"#000000\",\"borderStyle\":\"solid\",\"borderRadius\":0,\"backgroundColor\":\"\",\"paddingTop\":\"0px\",\"paddingBottom\":\"0px\",\"paddingLeft\":\"0px\",\"paddingRight\":\"0px\",\"margin\":\"0px\",\"minWidth\":\"0px\",\"minHeight\":\"0px\",\"boxShadow\":\"none\",\"overflow\":\"hidden\",\"overflowWrap\":\"break-word\",\"whiteSpace\":\"normal\",\"userSelect\":\"none\",\"opacity\":1,\"zIndex\":1},\"mainCssRule\":{}},\"dynamicText\":{\"isGlobalStyle\":true,\"styleEditMode\":\"main\",\"labelDisplayStyle\":\"standard\",\"type\":\"text\",\"isDynamic\":true,\"mainRuleSelector\":\".dynamicText\",\"labelRuleSelector\":\".dynamicText .label-text\",\"style\":{\"display\":\"inline-block\",\"fontFamily\":\"Inter\",\"fontSize\":\"14px\",\"fontWeight\":400,\"color\":\"#000000\",\"textAlign\":\"left\",\"fontStyle\":\"normal\",\"textDecoration\":\"none\",\"textTransform\":\"none\",\"lineHeight\":1.25,\"letterSpacing\":\"0px\",\"contenteditable\":false,\"border\":\"none\",\"borderWidth\":\"0px\",\"borderColor\":\"#000000\",\"borderStyle\":\"solid\",\"borderRadius\":0,\"backgroundColor\":\"\",\"paddingTop\":\"0px\",\"paddingBottom\":\"0px\",\"paddingLeft\":\"0px\",\"paddingRight\":\"0px\",\"margin\":\"0px\",\"minWidth\":\"0px\",\"minHeight\":\"0px\",\"boxShadow\":\"none\",\"overflow\":\"hidden\",\"overflowWrap\":\"break-word\",\"whiteSpace\":\"normal\",\"userSelect\":\"none\",\"opacity\":1},\"labelStyle\":{\"fontFamily\":\"Inter\",\"fontSize\":\"14px\",\"fontWeight\":600,\"color\":\"#000000\",\"textAlign\":\"left\",\"fontStyle\":\"normal\",\"textDecoration\":\"none\",\"textTransform\":\"none\",\"lineHeight\":1.25,\"letterSpacing\":\"0px\",\"border\":\"none\",\"borderWidth\":\"0px\",\"borderColor\":\"#000000\",\"borderStyle\":\"solid\",\"borderRadius\":0,\"backgroundColor\":\"\",\"paddingTop\":\"0px\",\"paddingBottom\":\"0px\",\"paddingLeft\":\"0px\",\"paddingRight\":\"0px\",\"margin\":\"0px\",\"minWidth\":\"0px\",\"minHeight\":\"0px\",\"boxShadow\":\"none\",\"whiteSpace\":\"normal\",\"userSelect\":\"none\",\"opacity\":1,\"zIndex\":1},\"mainCssRule\":{},\"labelCssRule\":{}},\"rectangle\":{\"isGlobalStyle\":true,\"styleEditMode\":\"main\",\"type\":\"rectangle\",\"isDynamic\":false,\"mainRuleSelector\":\".rectangle\",\"style\":{\"paddingTop\":\"0px\",\"paddingBottom\":\"0px\",\"paddingLeft\":\"0px\",\"paddingRight\":\"0px\",\"margin\":\"0px\",\"whiteSpace\":\"normal\",\"userSelect\":\"none\",\"minWidth\":\"0px\",\"minHeight\":\"0px\",\"color\":\"#000000\",\"backgroundColor\":\"\",\"border\":\"1px solid black\",\"borderColor\":\"#000000\",\"borderStyle\":\"solid\",\"borderWidth\":\"1px\",\"boxSizing\":\"border-box\",\"outline\":\"none\",\"borderRadius\":0,\"boxShadow\":\"none\",\"opacity\":1,\"zIndex\":0},\"mainCssRule\":{}},\"image\":{\"isGlobalStyle\":true,\"styleEditMode\":\"main\",\"type\":\"image\",\"isDynamic\":false,\"mainRuleSelector\":\".image\",\"style\":{\"display\":\"block\",\"border\":\"none\",\"borderWidth\":\"0px\",\"borderColor\":\"#000000\",\"borderStyle\":\"solid\",\"borderRadius\":0,\"backgroundColor\":\"\",\"paddingTop\":\"0px\",\"paddingBottom\":\"0px\",\"paddingLeft\":\"0px\",\"paddingRight\":\"0px\",\"margin\":\"0px\",\"minWidth\":\"0px\",\"minHeight\":\"0px\",\"boxShadow\":\"none\",\"whiteSpace\":\"normal\",\"userSelect\":\"none\",\"objectFit\":\"scale-down\",\"objectPosition\":\"center center\",\"backgroundSize\":\"contain\",\"backgroundPosition\":\"center center\",\"backgroundRepeat\":\"no-repeat\",\"opacity\":1},\"mainCssRule\":{}},\"barcode\":{\"isGlobalStyle\":true,\"styleEditMode\":\"main\",\"type\":\"barcode\",\"isDynamic\":false,\"mainRuleSelector\":\".barcode\",\"style\":{\"display\":\"block\",\"border\":\"none\",\"borderWidth\":\"0px\",\"borderColor\":\"#000000\",\"borderStyle\":\"solid\",\"borderRadius\":0,\"backgroundColor\":\"\",\"paddingTop\":\"0px\",\"paddingBottom\":\"0px\",\"paddingLeft\":\"0px\",\"paddingRight\":\"0px\",\"margin\":\"0px\",\"minWidth\":\"0px\",\"minHeight\":\"0px\",\"boxShadow\":\"none\",\"whiteSpace\":\"normal\",\"userSelect\":\"none\",\"opacity\":1},\"mainCssRule\":{}},\"table\":{\"isGlobalStyle\":true,\"styleEditMode\":\"main\",\"labelDisplayStyle\":\"standard\",\"type\":\"table\",\"isDynamic\":true,\"mainRuleSelector\":\".printTable td\",\"headerRuleSelector\":\".printTable th\",\"altRuleSelector\":\".printTable tr:nth-child(even) td\",\"labelRuleSelector\":\".printTable .label-text\",\"style\":{\"fontFamily\":\"Inter\",\"fontSize\":\"10px\",\"fontWeight\":400,\"color\":\"#000000\",\"textAlign\":\"left\",\"fontStyle\":\"normal\",\"textDecoration\":\"none\",\"textTransform\":\"none\",\"lineHeight\":1.25,\"letterSpacing\":\"0px\",\"contenteditable\":false,\"border\":\"none\",\"borderWidth\":\"1px\",\"borderColor\":\"#000000\",\"borderStyle\":\"solid\",\"borderRadius\":0,\"backgroundColor\":\"#ffffff\",\"paddingTop\":\"10px\",\"paddingBottom\":\"10px\",\"paddingLeft\":\"10px\",\"paddingRight\":\"10px\",\"margin\":\"0px\",\"minWidth\":\"0px\",\"minHeight\":\"0px\",\"boxShadow\":\"none\",\"overflowWrap\":\"break-word\",\"whiteSpace\":\"normal\",\"userSelect\":\"none\",\"verticalAlign\":\"baseline\",\"opacity\":1},\"labelStyle\":{\"fontFamily\":\"Inter\",\"fontSize\":\"10px\",\"fontWeight\":600,\"color\":\"#000000\",\"textAlign\":\"left\",\"fontStyle\":\"normal\",\"textDecoration\":\"none\",\"textTransform\":\"none\",\"lineHeight\":1.25,\"letterSpacing\":\"0px\",\"border\":\"none\",\"borderWidth\":\"0px\",\"borderColor\":\"#000000\",\"borderStyle\":\"solid\",\"borderRadius\":0,\"backgroundColor\":\"#ffffff\",\"paddingTop\":\"0px\",\"paddingBottom\":\"0px\",\"paddingLeft\":\"0px\",\"paddingRight\":\"0px\",\"margin\":\"0px\",\"minWidth\":\"0px\",\"minHeight\":\"0px\",\"boxShadow\":\"none\",\"whiteSpace\":\"normal\",\"userSelect\":\"none\",\"opacity\":1,\"verticalAlign\":\"baseline\",\"zIndex\":1},\"headerStyle\":{\"fontFamily\":\"Inter\",\"fontSize\":\"11px\",\"fontWeight\":600,\"color\":\"#000000\",\"textAlign\":\"left\",\"fontStyle\":\"normal\",\"textDecoration\":\"none\",\"textTransform\":\"none\",\"lineHeight\":1.25,\"letterSpacing\":\"0px\",\"border\":\"none\",\"borderWidth\":\"1px\",\"borderColor\":\"#000000\",\"borderStyle\":\"solid\",\"borderRadius\":0,\"backgroundColor\":\"#ffffff\",\"paddingTop\":\"10px\",\"paddingBottom\":\"10px\",\"paddingLeft\":\"10px\",\"paddingRight\":\"10px\",\"margin\":\"0px\",\"minWidth\":\"0px\",\"minHeight\":\"0px\",\"boxShadow\":\"none\",\"whiteSpace\":\"normal\",\"userSelect\":\"none\",\"opacity\":1,\"zIndex\":1},\"altStyle\":{},\"mainCssRule\":{},\"labelCssRule\":{},\"headerCssRule\":{},\"altCssRule\":{}}},\"currentPageSize\":\"CUSTOM\",\"isHeaderFooterAuto\":true,\"currentDoc\":\"j6863h7l3i\",\"textControlType\":\"dynamic\",\"currentFonts\":[\"Inter\",\"Fira Sans\"],\"printHeaderFonts\":null,\"printFooterFonts\":null,\"printBodyFonts\":{\"Inter\":{\"weight\":[400,600,700,800],\"italic\":[]},\"Fira Sans\":{\"weight\":[800],\"italic\":[]}},\"userProvidedJinja\":\"\",\"schema_version\":\"1.3.0\"}",
 "print_designer_template_app": "airplane_mode",
 "print_format_builder": 0,
 "print_format_builder_beta": 0,
 "print_format_type": "Jinja",
 "raw_printing": 0,
 "show_section_headings": 0,
 "standard": "Yes"
}