{
 "allow_comments": 0,
 "allow_delete": 0,
 "allow_edit": 0,
 "allow_incomplete": 0,
 "allow_multiple": 0,
 "allow_print": 0,
 "anonymous": 0,
 "apply_document_permissions": 0,
 "button_label": "Save",
 "condition_json": "[]",
 "creation": "2024-12-04 07:06:59.131094",
 "doc_type": "Airport Shop airplane",
 "docstatus": 0,
 "doctype": "Web Form",
 "idx": 0,
 "is_standard": 1,
 "list_columns": [],
 "login_required": 0,
 "max_attachment_size": 0,
 "modified": "2024-12-05 04:43:56.213773",
 "modified_by": "Administrator",
 "module": "Airplane Mode",
 "name": "shop-lead",
 "owner": "Administrator",
 "published": 1,
 "route": "shop-lead",
 "show_attachments": 0,
 "show_list": 0,
 "show_sidebar": 0,
 "title": "shop lead",
 "web_form_fields": [
  {
   "allow_read_on_all_link_options": 0,
   "fieldname": "shop_number",
   "fieldtype": "Data",
   "hidden": 0,
   "label": "Shop Number",
   "max_length": 0,
   "max_value": 0,
   "precision": "",
   "read_only": 0,
   "reqd": 0,
   "show_in_filter": 0
  },
  {
   "allow_read_on_all_link_options": 0,
   "fieldname": "shop_name",
   "fieldtype": "Data",
   "hidden": 0,
   "label": "Shop Name",
   "max_length": 0,
   "max_value": 0,
   "precision": "",
   "read_only": 0,
   "reqd": 0,
   "show_in_filter": 0
  },
  {
   "allow_read_on_all_link_options": 0,
   "fieldname": "airport",
   "fieldtype": "Link",
   "hidden": 0,
   "label": "Airport ",
   "max_length": 0,
   "max_value": 0,
   "options": "Airport",
   "precision": "",
   "read_only": 0,
   "reqd": 0,
   "show_in_filter": 0
  },
  {
   "allow_read_on_all_link_options": 0,
   "fieldname": "column_break_lcpj",
   "fieldtype": "Column Break",
   "hidden": 0,
   "label": "",
   "max_length": 0,
   "max_value": 0,
   "precision": "",
   "read_only": 0,
   "reqd": 0,
   "show_in_filter": 0
  },
  {
   "allow_read_on_all_link_options": 0,
   "fieldname": "rent_amount",
   "fieldtype": "Link",
   "hidden": 0,
   "label": "Rent Amount ",
   "max_length": 0,
   "max_value": 0,
   "options": "Rent Payment",
   "precision": "",
   "read_only": 0,
   "reqd": 0,
   "show_in_filter": 0
  },
  {
   "allow_read_on_all_link_options": 0,
   "fieldname": "location",
   "fieldtype": "Data",
   "hidden": 0,
   "label": "Location",
   "max_length": 0,
   "max_value": 0,
   "precision": "",
   "read_only": 0,
   "reqd": 0,
   "show_in_filter": 0
  }
 ]
}