{
 "actions": [],
 "allow_rename": 1,
 "creation": "2024-11-08 11:44:11.330713",
 "doctype": "DocType",
 "engine": "InnoDB",
 "field_order": [
  "crew_name",
  "role",
  "contact_info"
 ],
 "fields": [
  {
   "fieldname": "crew_name",
   "fieldtype": "Data",
   "in_list_view": 1,
   "label": "Crew Member Name"
  },
  {
   "fieldname": "role",
   "fieldtype": "Select",
   "in_list_view": 1,
   "label": "Role",
   "options": "Pilot\nCo-Pilot\nAttendant"
  },
  {
   "fieldname": "contact_info",
   "fieldtype": "Data",
   "label": "Contact Info"
  }
 ],
 "index_web_pages_for_search": 1,
 "istable": 1,
 "links": [],
 "modified": "2024-11-28 06:51:58.447021",
 "modified_by": "Administrator",
 "module": "Airplane Mode",
 "name": "crew members",
 "owner": "Administrator",
 "permissions": [],
 "sort_field": "modified",
 "sort_order": "DESC",
 "states": []
}